Workbook

Sheet KP_Client
A1: OFERTĂ COMERCIALĂ
A2: Sistem automat de stingere incendiu
A4: Client: | B4: ________________________ | E4: TVA: | F4: =Setari!$B$2 -> 0.2
A5: Obiect: | B5: ________________________ | E5: Valută: | F5: =Setari!$B$4 -> MDL
A6: Data: | B6: =TODAY() -> 46189
A7: Valabilitate ofertă: | B7: 15 zile
A9: 1. Sistem sprinkler
A10: Nr | B10: Denumire | C10: U.M. | D10: Cantitate | E10: Preț unitar | F10: Sumă
A45: =IF(Introducere_interna!$B15="","",10) | B45: =IF(Introducere_interna!$B15="","",Introducere_interna!$C15) | C45: =IF(Introducere_interna!$B15="","",Introducere_interna!$D15) | D45: =IF(Introducere_interna!$B15="","",Introducere_interna!$E15) | E45: =IF(Introducere_interna!$B15="","",Introducere_interna!$F15) | F45: =IF(Introducere_interna!$B15="","",Introducere_interna!$G15)
A46: =IF(Introducere_interna!$B16="","",11) | B46: =IF(Introducere_interna!$B16="","",Introducere_interna!$C16) | C46: =IF(Introducere_interna!$B16="","",Introducere_interna!$D16) | D46: =IF(Introducere_interna!$B16="","",Introducere_interna!$E16) | E46: =IF(Introducere_interna!$B16="","",Introducere_interna!$F16) | F46: =IF(Introducere_interna!$B16="","",Introducere_interna!$G16)
A47: =IF(Introducere_interna!$B17="","",12) | B47: =IF(Introducere_interna!$B17="","",Introducere_interna!$C17) | C47: =IF(Introducere_interna!$B17="","",Introducere_interna!$D17) | D47: =IF(Introducere_interna!$B17="","",Introducere_interna!$E17) | E47: =IF(Introducere_interna!$B17="","",Introducere_interna!$F17) | F47: =IF(Introducere_interna!$B17="","",Introducere_interna!$G17)
A48: =IF(Introducere_interna!$B18="","",13) | B48: =IF(Introducere_interna!$B18="","",Introducere_interna!$C18) | C48: =IF(Introducere_interna!$B18="","",Introducere_interna!$D18) | D48: =IF(Introducere_interna!$B18="","",Introducere_interna!$E18) | E48: =IF(Introducere_interna!$B18="","",Introducere_interna!$F18) | F48: =IF(Introducere_interna!$B18="","",Introducere_interna!$G18)
A49: =IF(Introducere_interna!$B19="","",14) | B49: =IF(Introducere_interna!$B19="","",Introducere_interna!$C19) | C49: =IF(Introducere_interna!$B19="","",Introducere_interna!$D19) | D49: =IF(Introducere_interna!$B19="","",Introducere_interna!$E19) | E49: =IF(Introducere_interna!$B19="","",Introducere_interna!$F19) | F49: =IF(Introducere_interna!$B19="","",Introducere_interna!$G19)
A50: =IF(Introducere_interna!$B20="","",15) | B50: =IF(Introducere_interna!$B20="","",Introducere_interna!$C20) | C50: =IF(Introducere_interna!$B20="","",Introducere_interna!$D20) | D50: =IF(Introducere_interna!$B20="","",Introducere_interna!$E20) | E50: =IF(Introducere_interna!$B20="","",Introducere_interna!$F20) | F50: =IF(Introducere_interna!$B20="","",Introducere_interna!$G20)
A51: Subtotal 1. sistem sprinkler | F51: =SUM(F20:F50) -> 0
A53: 2. Nod de control și comandă
A54: Nr | B54: Denumire | C54: U.M. | D54: Cantitate | E54: Preț unitar | F54: Sumă
A74: =IF(Introducere_interna!$B22="","",2) | B74: =IF(Introducere_interna!$B22="","",Introducere_interna!$C22) | C74: =IF(Introducere_interna!$B22="","",Introducere_interna!$D22) | D74: =IF(Introducere_interna!$B22="","",Introducere_interna!$E22) | E74: =IF(Introducere_interna!$B22="","",Introducere_interna!$F22) | F74: =IF(Introducere_interna!$B22="","",Introducere_interna!$G22)
A75: =IF(Introducere_interna!$B23="","",3) | B75: =IF(Introducere_interna!$B23="","",Introducere_interna!$C23) | C75: =IF(Introducere_interna!$B23="","",Introducere_interna!$D23) | D75: =IF(Introducere_interna!$B23="","",Introducere_interna!$E23) | E75: =IF(Introducere_interna!$B23="","",Introducere_interna!$F23) | F75: =IF(Introducere_interna!$B23="","",Introducere_interna!$G23)
A76: =IF(Introducere_interna!$B24="","",4) | B76: =IF(Introducere_interna!$B24="","",Introducere_interna!$C24) | C76: =IF(Introducere_interna!$B24="","",Introducere_interna!$D24) | D76: =IF(Introducere_interna!$B24="","",Introducere_interna!$E24) | E76: =IF(Introducere_interna!$B24="","",Introducere_interna!$F24) | F76: =IF(Introducere_interna!$B24="","",Introducere_interna!$G24)
A77: =IF(Introducere_interna!$B25="","",5) | B77: =IF(Introducere_interna!$B25="","",Introducere_interna!$C25) | C77: =IF(Introducere_interna!$B25="","",Introducere_interna!$D25) | D77: =IF(Introducere_interna!$B25="","",Introducere_interna!$E25) | E77: =IF(Introducere_interna!$B25="","",Introducere_interna!$F25) | F77: =IF(Introducere_interna!$B25="","",Introducere_interna!$G25)
A78: =IF(Introducere_interna!$B26="","",6) | B78: =IF(Introducere_interna!$B26="","",Introducere_interna!$C26) | C78: =IF(Introducere_interna!$B26="","",Introducere_interna!$D26) | D78: =IF(Introducere_interna!$B26="","",Introducere_interna!$E26) | E78: =IF(Introducere_interna!$B26="","",Introducere_interna!$F26) | F78: =IF(Introducere_interna!$B26="","",Introducere_interna!$G26)
A79: =IF(Introducere_interna!$B27="","",7) | B79: =IF(Introducere_interna!$B27="","",Introducere_interna!$C27) | C79: =IF(Introducere_interna!$B27="","",Introducere_interna!$D27) | D79: =IF(Introducere_interna!$B27="","",Introducere_interna!$E27) | E79: =IF(Introducere_interna!$B27="","",Introducere_interna!$F27) | F79: =IF(Introducere_interna!$B27="","",Introducere_interna!$G27)
A80: =IF(Introducere_interna!$B28="","",8) | B80: =IF(Introducere_interna!$B28="","",Introducere_interna!$C28) | C80: =IF(Introducere_interna!$B28="","",Introducere_interna!$D28) | D80: =IF(Introducere_interna!$B28="","",Introducere_interna!$E28) | E80: =IF(Introducere_interna!$B28="","",Introducere_interna!$F28) | F80: =IF(Introducere_interna!$B28="","",Introducere_interna!$G28)
A81: =IF(Introducere_interna!$B29="","",9) | B81: =IF(Introducere_interna!$B29="","",Introducere_interna!$C29) | C81: =IF(Introducere_interna!$B29="","",Introducere_interna!$D29) | D81: =IF(Introducere_interna!$B29="","",Introducere_interna!$E29) | E81: =IF(Introducere_interna!$B29="","",Introducere_interna!$F29) | F81: =IF(Introducere_interna!$B29="","",Introducere_interna!$G29)
A82: =IF(Introducere_interna!$B30="","",10) | B82: =IF(Introducere_interna!$B30="","",Introducere_interna!$C30) | C82: =IF(Introducere_interna!$B30="","",Introducere_interna!$D30) | D82: =IF(Introducere_interna!$B30="","",Introducere_interna!$E30) | E82: =IF(Introducere_interna!$B30="","",Introducere_interna!$F30) | F82: =IF(Introducere_interna!$B30="","",Introducere_interna!$G30)
A83: =IF(Introducere_interna!$B31="","",11) | B83: =IF(Introducere_interna!$B31="","",Introducere_interna!$C31) | C83: =IF(Introducere_interna!$B31="","",Introducere_interna!$D31) | D83: =IF(Introducere_interna!$B31="","",Introducere_interna!$E31) | E83: =IF(Introducere_interna!$B31="","",Introducere_interna!$F31) | F83: =IF(Introducere_interna!$B31="","",Introducere_interna!$G31)
A84: =IF(Introducere_interna!$B32="","",12) | B84: =IF(Introducere_interna!$B32="","",Introducere_interna!$C32) | C84: =IF(Introducere_interna!$B32="","",Introducere_interna!$D32) | D84: =IF(Introducere_interna!$B32="","",Introducere_interna!$E32) | E84: =IF(Introducere_interna!$B32="","",Introducere_interna!$F32) | F84: =IF(Introducere_interna!$B32="","",Introducere_interna!$G32)
A85: =IF(Introducere_interna!$B33="","",13) | B85: =IF(Introducere_interna!$B33="","",Introducere_interna!$C33) | C85: =IF(Introducere_interna!$B33="","",Introducere_interna!$D33) | D85: =IF(Introducere_interna!$B33="","",Introducere_interna!$E33) | E85: =IF(Introducere_interna!$B33="","",Introducere_interna!$F33) | F85: =IF(Introducere_interna!$B33="","",Introducere_interna!$G33)
A86: =IF(Introducere_interna!$B34="","",14) | B86: =IF(Introducere_interna!$B34="","",Introducere_interna!$C34) | C86: =IF(Introducere_interna!$B34="","",Introducere_interna!$D34) | D86: =IF(Introducere_interna!$B34="","",Introducere_interna!$E34) | E86: =IF(Introducere_interna!$B34="","",Introducere_interna!$F34) | F86: =IF(Introducere_interna!$B34="","",Introducere_interna!$G34)
A87: =IF(Introducere_interna!$B35="","",15) | B87: =IF(Introducere_interna!$B35="","",Introducere_interna!$C35) | C87: =IF(Introducere_interna!$B35="","",Introducere_interna!$D35) | D87: =IF(Introducere_interna!$B35="","",Introducere_interna!$E35) | E87: =IF(Introducere_interna!$B35="","",Introducere_interna!$F35) | F87: =IF(Introducere_interna!$B35="","",Introducere_interna!$G35)
A88: Subtotal 2. nod de control și comandă | F88: =SUM(F73:F87) -> 0
A90: 3. Stație de pompare
A91: Nr | B91: Denumire | C91: U.M. | D91: Cantitate | E91: Preț unitar | F91: Sumă
A92: =IF(Introducere_interna!$B36="","",1) | B92: =IF(Introducere_interna!$B36="","",Introducere_interna!$C36) | C92: =IF(Introducere_interna!$B36="","",Introducere_interna!$D36) | D92: =IF(Introducere_interna!$B36="","",Introducere_interna!$E36) | E92: =IF(Introducere_interna!$B36="","",Introducere_interna!$F36) | F92: =IF(Introducere_interna!$B36="","",Introducere_interna!$G36)
A93: =IF(Introducere_interna!$B37="","",2) | B93: =IF(Introducere_interna!$B37="","",Introducere_interna!$C37) | C93: =IF(Introducere_interna!$B37="","",Introducere_interna!$D37) | D93: =IF(Introducere_interna!$B37="","",Introducere_interna!$E37) | E93: =IF(Introducere_interna!$B37="","",Introducere_interna!$F37) | F93: =IF(Introducere_interna!$B37="","",Introducere_interna!$G37)
A110: =IF(Introducere_interna!$B43="","",8) | B110: =IF(Introducere_interna!$B43="","",Introducere_interna!$C43) | C110: =IF(Introducere_interna!$B43="","",Introducere_interna!$D43) | D110: =IF(Introducere_interna!$B43="","",Introducere_interna!$E43) | E110: =IF(Introducere_interna!$B43="","",Introducere_interna!$F43) | F110: =IF(Introducere_interna!$B43="","",Introducere_interna!$G43)
A111: =IF(Introducere_interna!$B44="","",9) | B111: =IF(Introducere_interna!$B44="","",Introducere_interna!$C44) | C111: =IF(Introducere_interna!$B44="","",Introducere_interna!$D44) | D111: =IF(Introducere_interna!$B44="","",Introducere_interna!$E44) | E111: =IF(Introducere_interna!$B44="","",Introducere_interna!$F44) | F111: =IF(Introducere_interna!$B44="","",Introducere_interna!$G44)
A112: =IF(Introducere_interna!$B45="","",10) | B112: =IF(Introducere_interna!$B45="","",Introducere_interna!$C45) | C112: =IF(Introducere_interna!$B45="","",Introducere_interna!$D45) | D112: =IF(Introducere_interna!$B45="","",Introducere_interna!$E45) | E112: =IF(Introducere_interna!$B45="","",Introducere_interna!$F45) | F112: =IF(Introducere_interna!$B45="","",Introducere_interna!$G45)
A113: =IF(Introducere_interna!$B46="","",11) | B113: =IF(Introducere_interna!$B46="","",Introducere_interna!$C46) | C113: =IF(Introducere_interna!$B46="","",Introducere_interna!$D46) | D113: =IF(Introducere_interna!$B46="","",Introducere_interna!$E46) | E113: =IF(Introducere_interna!$B46="","",Introducere_interna!$F46) | F113: =IF(Introducere_interna!$B46="","",Introducere_interna!$G46)
A114: =IF(Introducere_interna!$B47="","",12) | B114: =IF(Introducere_interna!$B47="","",Introducere_interna!$C47) | C114: =IF(Introducere_interna!$B47="","",Introducere_interna!$D47) | D114: =IF(Introducere_interna!$B47="","",Introducere_interna!$E47) | E114: =IF(Introducere_interna!$B47="","",Introducere_interna!$F47) | F114: =IF(Introducere_interna!$B47="","",Introducere_interna!$G47)
A115: =IF(Introducere_interna!$B48="","",13) | B115: =IF(Introducere_interna!$B48="","",Introducere_interna!$C48) | C115: =IF(Introducere_interna!$B48="","",Introducere_interna!$D48) | D115: =IF(Introducere_interna!$B48="","",Introducere_interna!$E48) | E115: =IF(Introducere_interna!$B48="","",Introducere_interna!$F48) | F115: =IF(Introducere_interna!$B48="","",Introducere_interna!$G48)
A116: =IF(Introducere_interna!$B49="","",14) | B116: =IF(Introducere_interna!$B49="","",Introducere_interna!$C49) | C116: =IF(Introducere_interna!$B49="","",Introducere_interna!$D49) | D116: =IF(Introducere_interna!$B49="","",Introducere_interna!$E49) | E116: =IF(Introducere_interna!$B49="","",Introducere_interna!$F49) | F116: =IF(Introducere_interna!$B49="","",Introducere_interna!$G49)
A117: =IF(Introducere_interna!$B50="","",15) | B117: =IF(Introducere_interna!$B50="","",Introducere_interna!$C50) | C117: =IF(Introducere_interna!$B50="","",Introducere_interna!$D50) | D117: =IF(Introducere_interna!$B50="","",Introducere_interna!$E50) | E117: =IF(Introducere_interna!$B50="","",Introducere_interna!$F50) | F117: =IF(Introducere_interna!$B50="","",Introducere_interna!$G50)
A118: Subtotal 3. stație de pompare | F118: =SUM(F92:F117) -> 0
A120: 4. Automatizare
A121: Nr | B121: Denumire | C121: U.M. | D121: Cantitate | E121: Preț unitar | F121: Sumă
A122: =IF(Introducere_interna!$B51="","",1) | B122: =IF(Introducere_interna!$B51="","",Introducere_interna!$C51) | C122: =IF(Introducere_interna!$B51="","",Introducere_interna!$D51) | D122: =IF(Introducere_interna!$B51="","",Introducere_interna!$E51) | E122: =IF(Introducere_interna!$B51="","",Introducere_interna!$F51) | F122: =IF(Introducere_interna!$B51="","",Introducere_interna!$G51)
A123: =IF(Introducere_interna!$B52="","",2) | B123: =IF(Introducere_interna!$B52="","",Introducere_interna!$C52) | C123: =IF(Introducere_interna!$B52="","",Introducere_interna!$D52) | D123: =IF(Introducere_interna!$B52="","",Introducere_interna!$E52) | E123: =IF(Introducere_interna!$B52="","",Introducere_interna!$F52) | F123: =IF(Introducere_interna!$B52="","",Introducere_interna!$G52)
A134: =IF(Introducere_interna!$B53="","",3) | B134: =IF(Introducere_interna!$B53="","",Introducere_interna!$C53) | C134: =IF(Introducere_interna!$B53="","",Introducere_interna!$D53) | D134: =IF(Introducere_interna!$B53="","",Introducere_interna!$E53) | E134: =IF(Introducere_interna!$B53="","",Introducere_interna!$F53) | F134: =IF(Introducere_interna!$B53="","",Introducere_interna!$G53)
A135: =IF(Introducere_interna!$B54="","",4) | B135: =IF(Introducere_interna!$B54="","",Introducere_interna!$C54) | C135: =IF(Introducere_interna!$B54="","",Introducere_interna!$D54) | D135: =IF(Introducere_interna!$B54="","",Introducere_interna!$E54) | E135: =IF(Introducere_interna!$B54="","",Introducere_interna!$F54) | F135: =IF(Introducere_interna!$B54="","",Introducere_interna!$G54)
A136: =IF(Introducere_interna!$B55="","",5) | B136: =IF(Introducere_interna!$B55="","",Introducere_interna!$C55) | C136: =IF(Introducere_interna!$B55="","",Introducere_interna!$D55) | D136: =IF(Introducere_interna!$B55="","",Introducere_interna!$E55) | E136: =IF(Introducere_interna!$B55="","",Introducere_interna!$F55) | F136: =IF(Introducere_interna!$B55="","",Introducere_interna!$G55)
A137: =IF(Introducere_interna!$B56="","",6) | B137: =IF(Introducere_interna!$B56="","",Introducere_interna!$C56) | C137: =IF(Introducere_interna!$B56="","",Introducere_interna!$D56) | D137: =IF(Introducere_interna!$B56="","",Introducere_interna!$E56) | E137: =IF(Introducere_interna!$B56="","",Introducere_interna!$F56) | F137: =IF(Introducere_interna!$B56="","",Introducere_interna!$G56)
A138: =IF(Introducere_interna!$B57="","",7) | B138: =IF(Introducere_interna!$B57="","",Introducere_interna!$C57) | C138: =IF(Introducere_interna!$B57="","",Introducere_interna!$D57) | D138: =IF(Introducere_interna!$B57="","",Introducere_interna!$E57) | E138: =IF(Introducere_interna!$B57="","",Introducere_interna!$F57) | F138: =IF(Introducere_interna!$B57="","",Introducere_interna!$G57)
A139: =IF(Introducere_interna!$B58="","",8) | B139: =IF(Introducere_interna!$B58="","",Introducere_interna!$C58) | C139: =IF(Introducere_interna!$B58="","",Introducere_interna!$D58) | D139: =IF(Introducere_interna!$B58="","",Introducere_interna!$E58) | E139: =IF(Introducere_interna!$B58="","",Introducere_interna!$F58) | F139: =IF(Introducere_interna!$B58="","",Introducere_interna!$G58)
A140: =IF(Introducere_interna!$B59="","",9) | B140: =IF(Introducere_interna!$B59="","",Introducere_interna!$C59) | C140: =IF(Introducere_interna!$B59="","",Introducere_interna!$D59) | D140: =IF(Introducere_interna!$B59="","",Introducere_interna!$E59) | E140: =IF(Introducere_interna!$B59="","",Introducere_interna!$F59) | F140: =IF(Introducere_interna!$B59="","",Introducere_interna!$G59)
A141: =IF(Introducere_interna!$B60="","",10) | B141: =IF(Introducere_interna!$B60="","",Introducere_interna!$C60) | C141: =IF(Introducere_interna!$B60="","",Introducere_interna!$D60) | D141: =IF(Introducere_interna!$B60="","",Introducere_interna!$E60) | E141: =IF(Introducere_interna!$B60="","",Introducere_interna!$F60) | F141: =IF(Introducere_interna!$B60="","",Introducere_interna!$G60)
A142: =IF(Introducere_interna!$B61="","",11) | B142: =IF(Introducere_interna!$B61="","",Introducere_interna!$C61) | C142: =IF(Introducere_interna!$B61="","",Introducere_interna!$D61) | D142: =IF(Introducere_interna!$B61="","",Introducere_interna!$E61) | E142: =IF(Introducere_interna!$B61="","",Introducere_interna!$F61) | F142: =IF(Introducere_interna!$B61="","",Introducere_interna!$G61)
A143: =IF(Introducere_interna!$B62="","",12) | B143: =IF(Introducere_interna!$B62="","",Introducere_interna!$C62) | C143: =IF(Introducere_interna!$B62="","",Introducere_interna!$D62) | D143: =IF(Introducere_interna!$B62="","",Introducere_interna!$E62) | E143: =IF(Introducere_interna!$B62="","",Introducere_interna!$F62) | F143: =IF(Introducere_interna!$B62="","",Introducere_interna!$G62)
A144: =IF(Introducere_interna!$B63="","",13) | B144: =IF(Introducere_interna!$B63="","",Introducere_interna!$C63) | C144: =IF(Introducere_interna!$B63="","",Introducere_interna!$D63) | D144: =IF(Introducere_interna!$B63="","",Introducere_interna!$E63) | E144: =IF(Introducere_interna!$B63="","",Introducere_interna!$F63) | F144: =IF(Introducere_interna!$B63="","",Introducere_interna!$G63)
A145: =IF(Introducere_interna!$B64="","",14) | B145: =IF(Introducere_interna!$B64="","",Introducere_interna!$C64) | C145: =IF(Introducere_interna!$B64="","",Introducere_interna!$D64) | D145: =IF(Introducere_interna!$B64="","",Introducere_interna!$E64) | E145: =IF(Introducere_interna!$B64="","",Introducere_interna!$F64) | F145: =IF(Introducere_interna!$B64="","",Introducere_interna!$G64)
A146: =IF(Introducere_interna!$B65="","",15) | B146: =IF(Introducere_interna!$B65="","",Introducere_interna!$C65) | C146: =IF(Introducere_interna!$B65="","",Introducere_interna!$D65) | D146: =IF(Introducere_interna!$B65="","",Introducere_interna!$E65) | E146: =IF(Introducere_interna!$B65="","",Introducere_interna!$F65) | F146: =IF(Introducere_interna!$B65="","",Introducere_interna!$G65)
A147: Subtotal 4. automatizare | F147: =SUM(F122:F146) -> 0
A149: 5. Elemente de fixare
A150: Nr | B150: Denumire | C150: U.M. | D150: Cantitate | E150: Preț unitar | F150: Sumă
A151: =IF(Introducere_interna!$B66="","",1) | B151: =IF(Introducere_interna!$B66="","",Introducere_interna!$C66) | C151: =IF(Introducere_interna!$B66="","",Introducere_interna!$D66) | D151: =IF(Introducere_interna!$B66="","",Introducere_interna!$E66) | E151: =IF(Introducere_interna!$B66="","",Introducere_interna!$F66) | F151: =IF(Introducere_interna!$B66="","",Introducere_interna!$G66)
A152: =IF(Introducere_interna!$B67="","",2) | B152: =IF(Introducere_interna!$B67="","",Introducere_interna!$C67) | C152: =IF(Introducere_interna!$B67="","",Introducere_interna!$D67) | D152: =IF(Introducere_interna!$B67="","",Introducere_interna!$E67) | E152: =IF(Introducere_interna!$B67="","",Introducere_interna!$F67) | F152: =IF(Introducere_interna!$B67="","",Introducere_interna!$G67)
A173: =IF(Introducere_interna!$B68="","",3) | B173: =IF(Introducere_interna!$B68="","",Introducere_interna!$C68) | C173: =IF(Introducere_interna!$B68="","",Introducere_interna!$D68) | D173: =IF(Introducere_interna!$B68="","",Introducere_interna!$E68) | E173: =IF(Introducere_interna!$B68="","",Introducere_interna!$F68) | F173: =IF(Introducere_interna!$B68="","",Introducere_interna!$G68)
A174: =IF(Introducere_interna!$B69="","",4) | B174: =IF(Introducere_interna!$B69="","",Introducere_interna!$C69) | C174: =IF(Introducere_interna!$B69="","",Introducere_interna!$D69) | D174: =IF(Introducere_interna!$B69="","",Introducere_interna!$E69) | E174: =IF(Introducere_interna!$B69="","",Introducere_interna!$F69) | F174: =IF(Introducere_interna!$B69="","",Introducere_interna!$G69)
A175: =IF(Introducere_interna!$B70="","",5) | B175: =IF(Introducere_interna!$B70="","",Introducere_interna!$C70) | C175: =IF(Introducere_interna!$B70="","",Introducere_interna!$D70) | D175: =IF(Introducere_interna!$B70="","",Introducere_interna!$E70) | E175: =IF(Introducere_interna!$B70="","",Introducere_interna!$F70) | F175: =IF(Introducere_interna!$B70="","",Introducere_interna!$G70)
A176: =IF(Introducere_interna!$B71="","",6) | B176: =IF(Introducere_interna!$B71="","",Introducere_interna!$C71) | C176: =IF(Introducere_interna!$B71="","",Introducere_interna!$D71) | D176: =IF(Introducere_interna!$B71="","",Introducere_interna!$E71) | E176: =IF(Introducere_interna!$B71="","",Introducere_interna!$F71) | F176: =IF(Introducere_interna!$B71="","",Introducere_interna!$G71)
A177: =IF(Introducere_interna!$B72="","",7) | B177: =IF(Introducere_interna!$B72="","",Introducere_interna!$C72) | C177: =IF(Introducere_interna!$B72="","",Introducere_interna!$D72) | D177: =IF(Introducere_interna!$B72="","",Introducere_interna!$E72) | E177: =IF(Introducere_interna!$B72="","",Introducere_interna!$F72) | F177: =IF(Introducere_interna!$B72="","",Introducere_interna!$G72)
A178: =IF(Introducere_interna!$B73="","",8) | B178: =IF(Introducere_interna!$B73="","",Introducere_interna!$C73) | C178: =IF(Introducere_interna!$B73="","",Introducere_interna!$D73) | D178: =IF(Introducere_interna!$B73="","",Introducere_interna!$E73) | E178: =IF(Introducere_interna!$B73="","",Introducere_interna!$F73) | F178: =IF(Introducere_interna!$B73="","",Introducere_interna!$G73)
A179: =IF(Introducere_interna!$B74="","",9) | B179: =IF(Introducere_interna!$B74="","",Introducere_interna!$C74) | C179: =IF(Introducere_interna!$B74="","",Introducere_interna!$D74) | D179: =IF(Introducere_interna!$B74="","",Introducere_interna!$E74) | E179: =IF(Introducere_interna!$B74="","",Introducere_interna!$F74) | F179: =IF(Introducere_interna!$B74="","",Introducere_interna!$G74)
A180: =IF(Introducere_interna!$B75="","",10) | B180: =IF(Introducere_interna!$B75="","",Introducere_interna!$C75) | C180: =IF(Introducere_interna!$B75="","",Introducere_interna!$D75) | D180: =IF(Introducere_interna!$B75="","",Introducere_interna!$E75) | E180: =IF(Introducere_interna!$B75="","",Introducere_interna!$F75) | F180: =IF(Introducere_interna!$B75="","",Introducere_interna!$G75)
A181: =IF(Introducere_interna!$B76="","",11) | B181: =IF(Introducere_interna!$B76="","",Introducere_interna!$C76) | C181: =IF(Introducere_interna!$B76="","",Introducere_interna!$D76) | D181: =IF(Introducere_interna!$B76="","",Introducere_interna!$E76) | E181: =IF(Introducere_interna!$B76="","",Introducere_interna!$F76) | F181: =IF(Introducere_interna!$B76="","",Introducere_interna!$G76)
A182: =IF(Introducere_interna!$B77="","",12) | B182: =IF(Introducere_interna!$B77="","",Introducere_interna!$C77) | C182: =IF(Introducere_interna!$B77="","",Introducere_interna!$D77) | D182: =IF(Introducere_interna!$B77="","",Introducere_interna!$E77) | E182: =IF(Introducere_interna!$B77="","",Introducere_interna!$F77) | F182: =IF(Introducere_interna!$B77="","",Introducere_interna!$G77)
A183: =IF(Introducere_interna!$B78="","",13) | B183: =IF(Introducere_interna!$B78="","",Introducere_interna!$C78) | C183: =IF(Introducere_interna!$B78="","",Introducere_interna!$D78) | D183: =IF(Introducere_interna!$B78="","",Introducere_interna!$E78) | E183: =IF(Introducere_interna!$B78="","",Introducere_interna!$F78) | F183: =IF(Introducere_interna!$B78="","",Introducere_interna!$G78)
A184: =IF(Introducere_interna!$B79="","",14) | B184: =IF(Introducere_interna!$B79="","",Introducere_interna!$C79) | C184: =IF(Introducere_interna!$B79="","",Introducere_interna!$D79) | D184: =IF(Introducere_interna!$B79="","",Introducere_interna!$E79) | E184: =IF(Introducere_interna!$B79="","",Introducere_interna!$F79) | F184: =IF(Introducere_interna!$B79="","",Introducere_interna!$G79)
A185: =IF(Introducere_interna!$B80="","",15) | B185: =IF(Introducere_interna!$B80="","",Introducere_interna!$C80) | C185: =IF(Introducere_interna!$B80="","",Introducere_interna!$D80) | D185: =IF(Introducere_interna!$B80="","",Introducere_interna!$E80) | E185: =IF(Introducere_interna!$B80="","",Introducere_interna!$F80) | F185: =IF(Introducere_interna!$B80="","",Introducere_interna!$G80)
A186: Subtotal 5. elemente de fixare | F186: =SUM(F151:F185) -> 0
A188: 6. Lucrări și servicii
A189: Nr | B189: Denumire | C189: U.M. | D189: Cantitate | E189: Preț unitar | F189: Sumă
A190: =IF(Introducere_interna!$B81="","",1) | B190: =IF(Introducere_interna!$B81="","",Introducere_interna!$C81) | C190: =IF(Introducere_interna!$B81="","",Introducere_interna!$D81) | D190: =IF(Introducere_interna!$B81="","",Introducere_interna!$E81) | E190: =IF(Introducere_interna!$B81="","",Introducere_interna!$F81) | F190: =IF(Introducere_interna!$B81="","",Introducere_interna!$G81)
A191: =IF(Introducere_interna!$B82="","",2) | B191: =IF(Introducere_interna!$B82="","",Introducere_interna!$C82) | C191: =IF(Introducere_interna!$B82="","",Introducere_interna!$D82) | D191: =IF(Introducere_interna!$B82="","",Introducere_interna!$E82) | E191: =IF(Introducere_interna!$B82="","",Introducere_interna!$F82) | F191: =IF(Introducere_interna!$B82="","",Introducere_interna!$G82)
A192: =IF(Introducere_interna!$B83="","",3) | B192: =IF(Introducere_interna!$B83="","",Introducere_interna!$C83) | C192: =IF(Introducere_interna!$B83="","",Introducere_interna!$D83) | D192: =IF(Introducere_interna!$B83="","",Introducere_interna!$E83) | E192: =IF(Introducere_interna!$B83="","",Introducere_interna!$F83) | F192: =IF(Introducere_interna!$B83="","",Introducere_interna!$G83)
A193: =IF(Introducere_interna!$B84="","",4) | B193: =IF(Introducere_interna!$B84="","",Introducere_interna!$C84) | C193: =IF(Introducere_interna!$B84="","",Introducere_interna!$D84) | D193: =IF(Introducere_interna!$B84="","",Introducere_interna!$E84) | E193: =IF(Introducere_interna!$B84="","",Introducere_interna!$F84) | F193: =IF(Introducere_interna!$B84="","",Introducere_interna!$G84)
A194: =IF(Introducere_interna!$B85="","",5) | B194: =IF(Introducere_interna!$B85="","",Introducere_interna!$C85) | C194: =IF(Introducere_interna!$B85="","",Introducere_interna!$D85) | D194: =IF(Introducere_interna!$B85="","",Introducere_interna!$E85) | E194: =IF(Introducere_interna!$B85="","",Introducere_interna!$F85) | F194: =IF(Introducere_interna!$B85="","",Introducere_interna!$G85)
A195: =IF(Introducere_interna!$B86="","",6) | B195: =IF(Introducere_interna!$B86="","",Introducere_interna!$C86) | C195: =IF(Introducere_interna!$B86="","",Introducere_interna!$D86) | D195: =IF(Introducere_interna!$B86="","",Introducere_interna!$E86) | E195: =IF(Introducere_interna!$B86="","",Introducere_interna!$F86) | F195: =IF(Introducere_interna!$B86="","",Introducere_interna!$G86)
A196: =IF(Introducere_interna!$B87="","",7) | B196: =IF(Introducere_interna!$B87="","",Introducere_interna!$C87) | C196: =IF(Introducere_interna!$B87="","",Introducere_interna!$D87) | D196: =IF(Introducere_interna!$B87="","",Introducere_interna!$E87) | E196: =IF(Introducere_interna!$B87="","",Introducere_interna!$F87) | F196: =IF(Introducere_interna!$B87="","",Introducere_interna!$G87)
A197: =IF(Introducere_interna!$B88="","",8) | B197: =IF(Introducere_interna!$B88="","",Introducere_interna!$C88) | C197: =IF(Introducere_interna!$B88="","",Introducere_interna!$D88) | D197: =IF(Introducere_interna!$B88="","",Introducere_interna!$E88) | E197: =IF(Introducere_interna!$B88="","",Introducere_interna!$F88) | F197: =IF(Introducere_interna!$B88="","",Introducere_interna!$G88)
A198: =IF(Introducere_interna!$B89="","",9) | B198: =IF(Introducere_interna!$B89="","",Introducere_interna!$C89) | C198: =IF(Introducere_interna!$B89="","",Introducere_interna!$D89) | D198: =IF(Introducere_interna!$B89="","",Introducere_interna!$E89) | E198: =IF(Introducere_interna!$B89="","",Introducere_interna!$F89) | F198: =IF(Introducere_interna!$B89="","",Introducere_interna!$G89)
A199: =IF(Introducere_interna!$B90="","",10) | B199: =IF(Introducere_interna!$B90="","",Introducere_interna!$C90) | C199: =IF(Introducere_interna!$B90="","",Introducere_interna!$D90) | D199: =IF(Introducere_interna!$B90="","",Introducere_interna!$E90) | E199: =IF(Introducere_interna!$B90="","",Introducere_interna!$F90) | F199: =IF(Introducere_interna!$B90="","",Introducere_interna!$G90)
A200: =IF(Introducere_interna!$B91="","",11) | B200: =IF(Introducere_interna!$B91="","",Introducere_interna!$C91) | C200: =IF(Introducere_interna!$B91="","",Introducere_interna!$D91) | D200: =IF(Introducere_interna!$B91="","",Introducere_interna!$E91) | E200: =IF(Introducere_interna!$B91="","",Introducere_interna!$F91) | F200: =IF(Introducere_interna!$B91="","",Introducere_interna!$G91)
A201: =IF(Introducere_interna!$B92="","",12) | B201: =IF(Introducere_interna!$B92="","",Introducere_interna!$C92) | C201: =IF(Introducere_interna!$B92="","",Introducere_interna!$D92) | D201: =IF(Introducere_interna!$B92="","",Introducere_interna!$E92) | E201: =IF(Introducere_interna!$B92="","",Introducere_interna!$F92) | F201: =IF(Introducere_interna!$B92="","",Introducere_interna!$G92)
A202: =IF(Introducere_interna!$B93="","",13) | B202: =IF(Introducere_interna!$B93="","",Introducere_interna!$C93) | C202: =IF(Introducere_interna!$B93="","",Introducere_interna!$D93) | D202: =IF(Introducere_interna!$B93="","",Introducere_interna!$E93) | E202: =IF(Introducere_interna!$B93="","",Introducere_interna!$F93) | F202: =IF(Introducere_interna!$B93="","",Introducere_interna!$G93)
A203: =IF(Introducere_interna!$B94="","",14) | B203: =IF(Introducere_interna!$B94="","",Introducere_interna!$C94) | C203: =IF(Introducere_interna!$B94="","",Introducere_interna!$D94) | D203: =IF(Introducere_interna!$B94="","",Introducere_interna!$E94) | E203: =IF(Introducere_interna!$B94="","",Introducere_interna!$F94) | F203: =IF(Introducere_interna!$B94="","",Introducere_interna!$G94)
A204: =IF(Introducere_interna!$B95="","",15) | B204: =IF(Introducere_interna!$B95="","",Introducere_interna!$C95) | C204: =IF(Introducere_interna!$B95="","",Introducere_interna!$D95) | D204: =IF(Introducere_interna!$B95="","",Introducere_interna!$E95) | E204: =IF(Introducere_interna!$B95="","",Introducere_interna!$F95) | F204: =IF(Introducere_interna!$B95="","",Introducere_interna!$G95)
A205: Subtotal 6. lucrări și servicii | F205: =SUM(F190:F204) -> 0
A207: TOTAL fără TVA | F207: =SUM(F51,F88,F118,F147,F186,F205) -> 0
...

Sheet Introducere_interna
A1: Introducere internă – aici se completează codurile și cantitățile
A3: Instrucțiune: | B3: Completezi doar Cod produs și Cantitate. Clientul nu vede acest sheet dacă exporți KP_Client în PDF.
A5: Secțiune | B5: Cod produs | C5: Denumire | D5: UM | E5: Cantitate | F5: Preț unitar | G5: Sumă | H5: Status
A6: 1. Sistem sprinkler | B6: SPR-CBSO-57 | C6: =IFERROR(VLOOKUP($B6,Baza_preturi!$A:$K,3,FALSE),"") -> Sprinkler incendiu CBSO-PVo 0.08 R1/2 P57.B3 | D6: =IFERROR(VLOOKUP($B6,Baza_preturi!$A:$K,6,FALSE),"") -> buc | E6: 850 | F6: =IFERROR(VLOOKUP($B6,Baza_preturi!$A:$K,9,FALSE),"") -> 156.1125 | G6: =IF(OR($E6="", $F6=""),"", $E6*$F6) -> 132695.62 | H6: =IF($B6="","",IFERROR(IF(VLOOKUP($B6,Baza_preturi!$A:$A,1,FALSE)=$B6,"OK","VERIFICĂ"),"COD NU EXISTĂ")) -> OK
A7: 1. Sistem sprinkler | B7: TEV-ZN-DN80 | C7: =IFERROR(VLOOKUP($B7,Baza_preturi!$A:$K,3,FALSE),"") | D7: =IFERROR(VLOOKUP($B7,Baza_preturi!$A:$K,6,FALSE),"") | E7: 120 | F7: =IFERROR(VLOOKUP($B7,Baza_preturi!$A:$K,9,FALSE),"") | G7: =IF(OR($E7="", $F7=""),"", $E7*$F7) | H7: =IF($B7="","",IFERROR(IF(VLOOKUP($B7,Baza_preturi!$A:$A,1,FALSE)=$B7,"OK","VERIFICĂ"),"COD NU EXISTĂ")) -> COD NU EXISTĂ
A8: 1. Sistem sprinkler | B8: TEV-ZN-DN15-2.2 | C8: =IFERROR(VLOOKUP($B8,Baza_preturi!$A:$K,3,FALSE),"") -> Țeavă zincată DN15*2.2mm | D8: =IFERROR(VLOOKUP($B8,Baza_preturi!$A:$K,6,FALSE),"") -> m | E8: 500 | F8: =IFERROR(VLOOKUP($B8,Baza_preturi!$A:$K,9,FALSE),"") | G8: =IF(OR($E8="", $F8=""),"", $E8*$F8) | H8: =IF($B8="","",IFERROR(IF(VLOOKUP($B8,Baza_preturi!$A:$A,1,FALSE)=$B8,"OK","VERIFICĂ"),"COD NU EXISTĂ")) -> OK
A9: 1. Sistem sprinkler | B9: TEV-ZN-DN15-2.8 | C9: =IFERROR(VLOOKUP($B9,Baza_preturi!$A:$K,3,FALSE),"") -> Țeavă zincată DN15*2.8mm | D9: =IFERROR(VLOOKUP($B9,Baza_preturi!$A:$K,6,FALSE),"") -> m | E9: 20 | F9: =IFERROR(VLOOKUP($B9,Baza_preturi!$A:$K,9,FALSE),"") | G9: =IF(OR($E9="", $F9=""),"", $E9*$F9) | H9: =IF($B9="","",IFERROR(IF(VLOOKUP($B9,Baza_preturi!$A:$A,1,FALSE)=$B9,"OK","VERIFICĂ"),"COD NU EXISTĂ")) -> OK
A10: 1. Sistem sprinkler | B10: TEV-ZN-DN32-2.8 | C10: =IFERROR(VLOOKUP($B10,Baza_preturi!$A:$K,3,FALSE),"") -> Țeavă zincată DN32*2.8mm | D10: =IFERROR(VLOOKUP($B10,Baza_preturi!$A:$K,6,FALSE),"") -> m | E10: 50 | F10: =IFERROR(VLOOKUP($B10,Baza_preturi!$A:$K,9,FALSE),"") -> 52.5 | G10: =IF(OR($E10="", $F10=""),"", $E10*$F10) -> 2625 | H10: =IF($B10="","",IFERROR(IF(VLOOKUP($B10,Baza_preturi!$A:$A,1,FALSE)=$B10,"OK","VERIFICĂ"),"COD NU EXISTĂ")) -> OK
A11: 1. Sistem sprinkler | B11: TEV-ZN-DN50 | C11: =IFERROR(VLOOKUP($B11,Baza_preturi!$A:$K,3,FALSE),"") | D11: =IFERROR(VLOOKUP($B11,Baza_preturi!$A:$K,6,FALSE),"") | F11: =IFERROR(VLOOKUP($B11,Baza_preturi!$A:$K,9,FALSE),"") | G11: =IF(OR($E11="", $F11=""),"", $E11*$F11) | H11: =IF($B11="","",IFERROR(IF(VLOOKUP($B11,Baza_preturi!$A:$A,1,FALSE)=$B11,"OK","VERIFICĂ"),"COD NU EXISTĂ")) -> COD NU EXISTĂ
A12: 1. Sistem sprinkler | B12: TEV-ZN-DN15-2.2 | C12: =IFERROR(VLOOKUP($B12,Baza_preturi!$A:$K,3,FALSE),"") -> Țeavă zincată DN15*2.2mm | D12: =IFERROR(VLOOKUP($B12,Baza_preturi!$A:$K,6,FALSE),"") -> m | E12: 225 | F12: =IFERROR(VLOOKUP($B12,Baza_preturi!$A:$K,9,FALSE),"") | G12: =IF(OR($E12="", $F12=""),"", $E12*$F12) | H12: =IF($B12="","",IFERROR(IF(VLOOKUP($B12,Baza_preturi!$A:$A,1,FALSE)=$B12,"OK","VERIFICĂ"),"COD NU EXISTĂ")) -> OK
A13: 1. Sistem sprinkler | C13: =IFERROR(VLOOKUP($B13,Baza_preturi!$A:$K,3,FALSE),"") | D13: =IFERROR(VLOOKUP($B13,Baza_preturi!$A:$K,6,FALSE),"") | F13: =IFERROR(VLOOKUP($B13,Baza_preturi!$A:$K,9,FALSE),"") | G13: =IF(OR($E13="", $F13=""),"", $E13*$F13) | H13: =IF($B13="","",IFERROR(IF(VLOOKUP($B13,Baza_preturi!$A:$A,1,FALSE)=$B13,"OK","VERIFICĂ"),"COD NU EXISTĂ"))
A14: 1. Sistem sprinkler | C14: =IFERROR(VLOOKUP($B14,Baza_preturi!$A:$K,3,FALSE),"") | D14: =IFERROR(VLOOKUP($B14,Baza_preturi!$A:$K,6,FALSE),"") | F14: =IFERROR(VLOOKUP($B14,Baza_preturi!$A:$K,9,FALSE),"") | G14: =IF(OR($E14="", $F14=""),"", $E14*$F14) | H14: =IF($B14="","",IFERROR(IF(VLOOKUP($B14,Baza_preturi!$A:$A,1,FALSE)=$B14,"OK","VERIFICĂ"),"COD NU EXISTĂ"))
A15: 1. Sistem sprinkler | C15: =IFERROR(VLOOKUP($B15,Baza_preturi!$A:$K,3,FALSE),"") | D15: =IFERROR(VLOOKUP($B15,Baza_preturi!$A:$K,6,FALSE),"") | F15: =IFERROR(VLOOKUP($B15,Baza_preturi!$A:$K,9,FALSE),"") | G15: =IF(OR($E15="", $F15=""),"", $E15*$F15) | H15: =IF($B15="","",IFERROR(IF(VLOOKUP($B15,Baza_preturi!$A:$A,1,FALSE)=$B15,"OK","VERIFICĂ"),"COD NU EXISTĂ"))
A16: 1. Sistem sprinkler | C16: =IFERROR(VLOOKUP($B16,Baza_preturi!$A:$K,3,FALSE),"") | D16: =IFERROR(VLOOKUP($B16,Baza_preturi!$A:$K,6,FALSE),"") | F16: =IFERROR(VLOOKUP($B16,Baza_preturi!$A:$K,9,FALSE),"") | G16: =IF(OR($E16="", $F16=""),"", $E16*$F16) | H16: =IF($B16="","",IFERROR(IF(VLOOKUP($B16,Baza_preturi!$A:$A,1,FALSE)=$B16,"OK","VERIFICĂ"),"COD NU EXISTĂ"))
A17: 1. Sistem sprinkler | C17: =IFERROR(VLOOKUP($B17,Baza_preturi!$A:$K,3,FALSE),"") | D17: =IFERROR(VLOOKUP($B17,Baza_preturi!$A:$K,6,FALSE),"") | F17: =IFERROR(VLOOKUP($B17,Baza_preturi!$A:$K,9,FALSE),"") | G17: =IF(OR($E17="", $F17=""),"", $E17*$F17) | H17: =IF($B17="","",IFERROR(IF(VLOOKUP($B17,Baza_preturi!$A:$A,1,FALSE)=$B17,"OK","VERIFICĂ"),"COD NU EXISTĂ"))
A18: 1. Sistem sprinkler | C18: =IFERROR(VLOOKUP($B18,Baza_preturi!$A:$K,3,FALSE),"") | D18: =IFERROR(VLOOKUP($B18,Baza_preturi!$A:$K,6,FALSE),"") | F18: =IFERROR(VLOOKUP($B18,Baza_preturi!$A:$K,9,FALSE),"") | G18: =IF(OR($E18="", $F18=""),"", $E18*$F18) | H18: =IF($B18="","",IFERROR(IF(VLOOKUP($B18,Baza_preturi!$A:$A,1,FALSE)=$B18,"OK","VERIFICĂ"),"COD NU EXISTĂ"))
A19: 1. Sistem sprinkler | C19: =IFERROR(VLOOKUP($B19,Baza_preturi!$A:$K,3,FALSE),"") | D19: =IFERROR(VLOOKUP($B19,Baza_preturi!$A:$K,6,FALSE),"") | F19: =IFERROR(VLOOKUP($B19,Baza_preturi!$A:$K,9,FALSE),"") | G19: =IF(OR($E19="", $F19=""),"", $E19*$F19) | H19: =IF($B19="","",IFERROR(IF(VLOOKUP($B19,Baza_preturi!$A:$A,1,FALSE)=$B19,"OK","VERIFICĂ"),"COD NU EXISTĂ"))
A20: 1. Sistem sprinkler | C20: =IFERROR(VLOOKUP($B20,Baza_preturi!$A:$K,3,FALSE),"") | D20: =IFERROR(VLOOKUP($B20,Baza_preturi!$A:$K,6,FALSE),"") | F20: =IFERROR(VLOOKUP($B20,Baza_preturi!$A:$K,9,FALSE),"") | G20: =IF(OR($E20="", $F20=""),"", $E20*$F20) | H20: =IF($B20="","",IFERROR(IF(VLOOKUP($B20,Baza_preturi!$A:$A,1,FALSE)=$B20,"OK","VERIFICĂ"),"COD NU EXISTĂ"))
A21: 2. Nod de control și comandă | B21: VAN-FL-DN50 | C21: =IFERROR(VLOOKUP($B21,Baza_preturi!$A:$K,3,FALSE),"") -> Vană fluture DN50 PN16 | D21: =IFERROR(VLOOKUP($B21,Baza_preturi!$A:$K,6,FALSE),"") -> buc | F21: =IFERROR(VLOOKUP($B21,Baza_preturi!$A:$K,9,FALSE),"") -> 700 | G21: =IF(OR($E21="", $F21=""),"", $E21*$F21) | H21: =IF($B21="","",IFERROR(IF(VLOOKUP($B21,Baza_preturi!$A:$A,1,FALSE)=$B21,"OK","VERIFICĂ"),"COD NU EXISTĂ")) -> OK
A22: 2. Nod de control și comandă | C22: =IFERROR(VLOOKUP($B22,Baza_preturi!$A:$K,3,FALSE),"") | D22: =IFERROR(VLOOKUP($B22,Baza_preturi!$A:$K,6,FALSE),"") | F22: =IFERROR(VLOOKUP($B22,Baza_preturi!$A:$K,9,FALSE),"") | G22: =IF(OR($E22="", $F22=""),"", $E22*$F22) | H22: =IF($B22="","",IFERROR(IF(VLOOKUP($B22,Baza_preturi!$A:$A,1,FALSE)=$B22,"OK","VERIFICĂ"),"COD NU EXISTĂ"))
A23: 2. Nod de control și comandă | C23: =IFERROR(VLOOKUP($B23,Baza_preturi!$A:$K,3,FALSE),"") | D23: =IFERROR(VLOOKUP($B23,Baza_preturi!$A:$K,6,FALSE),"") | F23: =IFERROR(VLOOKUP($B23,Baza_preturi!$A:$K,9,FALSE),"") | G23: =IF(OR($E23="", $F23=""),"", $E23*$F23) | H23: =IF($B23="","",IFERROR(IF(VLOOKUP($B23,Baza_preturi!$A:$A,1,FALSE)=$B23,"OK","VERIFICĂ"),"COD NU EXISTĂ"))
A24: 2. Nod de control și comandă | C24: =IFERROR(VLOOKUP($B24,Baza_preturi!$A:$K,3,FALSE),"") | D24: =IFERROR(VLOOKUP($B24,Baza_preturi!$A:$K,6,FALSE),"") | F24: =IFERROR(VLOOKUP($B24,Baza_preturi!$A:$K,9,FALSE),"") | G24: =IF(OR($E24="", $F24=""),"", $E24*$F24) | H24: =IF($B24="","",IFERROR(IF(VLOOKUP($B24,Baza_preturi!$A:$A,1,FALSE)=$B24,"OK","VERIFICĂ"),"COD NU EXISTĂ"))
A25: 2. Nod de control și comandă | C25: =IFERROR(VLOOKUP($B25,Baza_preturi!$A:$K,3,FALSE),"") | D25: =IFERROR(VLOOKUP($B25,Baza_preturi!$A:$K,6,FALSE),"") | F25: =IFERROR(VLOOKUP($B25,Baza_preturi!$A:$K,9,FALSE),"") | G25: =IF(OR($E25="", $F25=""),"", $E25*$F25) | H25: =IF($B25="","",IFERROR(IF(VLOOKUP($B25,Baza_preturi!$A:$A,1,FALSE)=$B25,"OK","VERIFICĂ"),"COD NU EXISTĂ"))
A26: 2. Nod de control și comandă | C26: =IFERROR(VLOOKUP($B26,Baza_preturi!$A:$K,3,FALSE),"") | D26: =IFERROR(VLOOKUP($B26,Baza_preturi!$A:$K,6,FALSE),"") | F26: =IFERROR(VLOOKUP($B26,Baza_preturi!$A:$K,9,FALSE),"") | G26: =IF(OR($E26="", $F26=""),"", $E26*$F26) | H26: =IF($B26="","",IFERROR(IF(VLOOKUP($B26,Baza_preturi!$A:$A,1,FALSE)=$B26,"OK","VERIFICĂ"),"COD NU EXISTĂ"))
A27: 2. Nod de control și comandă | C27: =IFERROR(VLOOKUP($B27,Baza_preturi!$A:$K,3,FALSE),"") | D27: =IFERROR(VLOOKUP($B27,Baza_preturi!$A:$K,6,FALSE),"") | F27: =IFERROR(VLOOKUP($B27,Baza_preturi!$A:$K,9,FALSE),"") | G27: =IF(OR($E27="", $F27=""),"", $E27*$F27) | H27: =IF($B27="","",IFERROR(IF(VLOOKUP($B27,Baza_preturi!$A:$A,1,FALSE)=$B27,"OK","VERIFICĂ"),"COD NU EXISTĂ"))
A28: 2. Nod de control și comandă | C28: =IFERROR(VLOOKUP($B28,Baza_preturi!$A:$K,3,FALSE),"") | D28: =IFERROR(VLOOKUP($B28,Baza_preturi!$A:$K,6,FALSE),"") | F28: =IFERROR(VLOOKUP($B28,Baza_preturi!$A:$K,9,FALSE),"") | G28: =IF(OR($E28="", $F28=""),"", $E28*$F28) | H28: =IF($B28="","",IFERROR(IF(VLOOKUP($B28,Baza_preturi!$A:$A,1,FALSE)=$B28,"OK","VERIFICĂ"),"COD NU EXISTĂ"))
A29: 2. Nod de control și comandă | C29: =IFERROR(VLOOKUP($B29,Baza_preturi!$A:$K,3,FALSE),"") | D29: =IFERROR(VLOOKUP($B29,Baza_preturi!$A:$K,6,FALSE),"") | F29: =IFERROR(VLOOKUP($B29,Baza_preturi!$A:$K,9,FALSE),"") | G29: =IF(OR($E29="", $F29=""),"", $E29*$F29) | H29: =IF($B29="","",IFERROR(IF(VLOOKUP($B29,Baza_preturi!$A:$A,1,FALSE)=$B29,"OK","VERIFICĂ"),"COD NU EXISTĂ"))
A30: 2. Nod de control și comandă | C30: =IFERROR(VLOOKUP($B30,Baza_preturi!$A:$K,3,FALSE),"") | D30: =IFERROR(VLOOKUP($B30,Baza_preturi!$A:$K,6,FALSE),"") | F30: =IFERROR(VLOOKUP($B30,Baza_preturi!$A:$K,9,FALSE),"") | G30: =IF(OR($E30="", $F30=""),"", $E30*$F30) | H30: =IF($B30="","",IFERROR(IF(VLOOKUP($B30,Baza_preturi!$A:$A,1,FALSE)=$B30,"OK","VERIFICĂ"),"COD NU EXISTĂ"))
A31: 2. Nod de control și comandă | C31: =IFERROR(VLOOKUP($B31,Baza_preturi!$A:$K,3,FALSE),"") | D31: =IFERROR(VLOOKUP($B31,Baza_preturi!$A:$K,6,FALSE),"") | F31: =IFERROR(VLOOKUP($B31,Baza_preturi!$A:$K,9,FALSE),"") | G31: =IF(OR($E31="", $F31=""),"", $E31*$F31) | H31: =IF($B31="","",IFERROR(IF(VLOOKUP($B31,Baza_preturi!$A:$A,1,FALSE)=$B31,"OK","VERIFICĂ"),"COD NU EXISTĂ"))
A32: 2. Nod de control și comandă | C32: =IFERROR(VLOOKUP($B32,Baza_preturi!$A:$K,3,FALSE),"") | D32: =IFERROR(VLOOKUP($B32,Baza_preturi!$A:$K,6,FALSE),"") | F32: =IFERROR(VLOOKUP($B32,Baza_preturi!$A:$K,9,FALSE),"") | G32: =IF(OR($E32="", $F32=""),"", $E32*$F32) | H32: =IF($B32="","",IFERROR(IF(VLOOKUP($B32,Baza_preturi!$A:$A,1,FALSE)=$B32,"OK","VERIFICĂ"),"COD NU EXISTĂ"))
A33: 2. Nod de control și comandă | C33: =IFERROR(VLOOKUP($B33,Baza_preturi!$A:$K,3,FALSE),"") | D33: =IFERROR(VLOOKUP($B33,Baza_preturi!$A:$K,6,FALSE),"") | F33: =IFERROR(VLOOKUP($B33,Baza_preturi!$A:$K,9,FALSE),"") | G33: =IF(OR($E33="", $F33=""),"", $E33*$F33) | H33: =IF($B33="","",IFERROR(IF(VLOOKUP($B33,Baza_preturi!$A:$A,1,FALSE)=$B33,"OK","VERIFICĂ"),"COD NU EXISTĂ"))
... A38: 3. Stație de pompare | C38: =IFERROR(VLOOKUP($B38,Baza_preturi!$A:$K,3,FALSE),"") | D38: =IFERROR(VLOOKUP($B38,Baza_preturi!$A:$K,6,FALSE),"") | F38: =IFERROR(VLOOKUP($B38,Baza_preturi!$A:$K,9,FALSE),"") | G38: =IF(OR($E38="", $F38=""),"", $E38*$F38) | H38: =IF($B38="","",IFERROR(IF(VLOOKUP($B38,Baza_preturi!$A:$A,1,FALSE)=$B38,"OK","VERIFICĂ"),"COD NU EXISTĂ"))
A39: 3. Stație de pompare | B39: REZ-APA | C39: =IFERROR(VLOOKUP($B39,Baza_preturi!$A:$K,3,FALSE),"") -> Rezervor apă | D39: =IFERROR(VLOOKUP($B39,Baza_preturi!$A:$K,6,FALSE),"") -> buc | E39: 1 | F39: =IFERROR(VLOOKUP($B39,Baza_preturi!$A:$K,9,FALSE),"") -> 56250 | G39: =IF(OR($E39="", $F39=""),"", $E39*$F39) -> 56250 | H39: =IF($B39="","",IFERROR(IF(VLOOKUP($B39,Baza_preturi!$A:$A,1,FALSE)=$B39,"OK","VERIFICĂ"),"COD NU EXISTĂ")) -> OK
A40: 3. Stație de pompare | C40: =IFERROR(VLOOKUP($B40,Baza_preturi!$A:$K,3,FALSE),"") | D40: =IFERROR(VLOOKUP($B40,Baza_preturi!$A:$K,6,FALSE),"") | F40: =IFERROR(VLOOKUP($B40,Baza_preturi!$A:$K,9,FALSE),"") | G40: =IF(OR($E40="", $F40=""),"", $E40*$F40) | H40: =IF($B40="","",IFERROR(IF(VLOOKUP($B40,Baza_preturi!$A:$A,1,FALSE)=$B40,"OK","VERIFICĂ"),"COD NU EXISTĂ"))
A41: 3. Stație de pompare | C41: =IFERROR(VLOOKUP($B41,Baza_preturi!$A:$K,3,FALSE),"") | D41: =IFERROR(VLOOKUP($B41,Baza_preturi!$A:$K,6,FALSE),"") | F41: =IFERROR(VLOOKUP($B41,Baza_preturi!$A:$K,9,FALSE),"") | G41: =IF(OR($E41="", $F41=""),"", $E41*$F41) | H41: =IF($B41="","",IFERROR(IF(VLOOKUP($B41,Baza_preturi!$A:$A,1,FALSE)=$B41,"OK","VERIFICĂ"),"COD NU EXISTĂ"))
A42: 3. Stație de pompare | C42: =IFERROR(VLOOKUP($B42,Baza_preturi!$A:$K,3,FALSE),"") | D42: =IFERROR(VLOOKUP($B42,Baza_preturi!$A:$K,6,FALSE),"") | F42: =IFERROR(VLOOKUP($B42,Baza_preturi!$A:$K,9,FALSE),"") | G42: =IF(OR($E42="", $F42=""),"", $E42*$F42) | H42: =IF($B42="","",IFERROR(IF(VLOOKUP($B42,Baza_preturi!$A:$A,1,FALSE)=$B42,"OK","VERIFICĂ"),"COD NU EXISTĂ"))
A43: 3. Stație de pompare | C43: =IFERROR(VLOOKUP($B43,Baza_preturi!$A:$K,3,FALSE),"") | D43: =IFERROR(VLOOKUP($B43,Baza_preturi!$A:$K,6,FALSE),"") | F43: =IFERROR(VLOOKUP($B43,Baza_preturi!$A:$K,9,FALSE),"") | G43: =IF(OR($E43="", $F43=""),"", $E43*$F43) | H43: =IF($B43="","",IFERROR(IF(VLOOKUP($B43,Baza_preturi!$A:$A,1,FALSE)=$B43,"OK","VERIFICĂ"),"COD NU EXISTĂ"))
A44: 3. Stație de pompare | C44: =IFERROR(VLOOKUP($B44,Baza_preturi!$A:$K,3,FALSE),"") | D44: =IFERROR(VLOOKUP($B44,Baza_preturi!$A:$K,6,FALSE),"") | F44: =IFERROR(VLOOKUP($B44,Baza_preturi!$A:$K,9,FALSE),"") | G44: =IF(OR($E44="", $F44=""),"", $E44*$F44) | H44: =IF($B44="","",IFERROR(IF(VLOOKUP($B44,Baza_preturi!$A:$A,1,FALSE)=$B44,"OK","VERIFICĂ"),"COD NU EXISTĂ"))
A45: 3. Stație de pompare | C45: =IFERROR(VLOOKUP($B45,Baza_preturi!$A:$K,3,FALSE),"") | D45: =IFERROR(VLOOKUP($B45,Baza_preturi!$A:$K,6,FALSE),"") | F45: =IFERROR(VLOOKUP($B45,Baza_preturi!$A:$K,9,FALSE),"") | G45: =IF(OR($E45="", $F45=""),"", $E45*$F45) | H45: =IF($B45="","",IFERROR(IF(VLOOKUP($B45,Baza_preturi!$A:$A,1,FALSE)=$B45,"OK","VERIFICĂ"),"COD NU EXISTĂ"))
A46: 3. Stație de pompare | C46: =IFERROR(VLOOKUP($B46,Baza_preturi!$A:$K,3,FALSE),"") | D46: =IFERROR(VLOOKUP($B46,Baza_preturi!$A:$K,6,FALSE),"") | F46: =IFERROR(VLOOKUP($B46,Baza_preturi!$A:$K,9,FALSE),"") | G46: =IF(OR($E46="", $F46=""),"", $E46*$F46) | H46: =IF($B46="","",IFERROR(IF(VLOOKUP($B46,Baza_preturi!$A:$A,1,FALSE)=$B46,"OK","VERIFICĂ"),"COD NU EXISTĂ"))
A47: 3. Stație de pompare | C47: =IFERROR(VLOOKUP($B47,Baza_preturi!$A:$K,3,FALSE),"") | D47: =IFERROR(VLOOKUP($B47,Baza_preturi!$A:$K,6,FALSE),"") | F47: =IFERROR(VLOOKUP($B47,Baza_preturi!$A:$K,9,FALSE),"") | G47: =IF(OR($E47="", $F47=""),"", $E47*$F47) | H47: =IF($B47="","",IFERROR(IF(VLOOKUP($B47,Baza_preturi!$A:$A,1,FALSE)=$B47,"OK","VERIFICĂ"),"COD NU EXISTĂ"))
A48: 3. Stație de pompare | C48: =IFERROR(VLOOKUP($B48,Baza_preturi!$A:$K,3,FALSE),"") | D48: =IFERROR(VLOOKUP($B48,Baza_preturi!$A:$K,6,FALSE),"") | F48: =IFERROR(VLOOKUP($B48,Baza_preturi!$A:$K,9,FALSE),"") | G48: =IF(OR($E48="", $F48=""),"", $E48*$F48) | H48: =IF($B48="","",IFERROR(IF(VLOOKUP($B48,Baza_preturi!$A:$A,1,FALSE)=$B48,"OK","VERIFICĂ"),"COD NU EXISTĂ"))
A49: 3. Stație de pompare | C49: =IFERROR(VLOOKUP($B49,Baza_preturi!$A:$K,3,FALSE),"") | D49: =IFERROR(VLOOKUP($B49,Baza_preturi!$A:$K,6,FALSE),"") | F49: =IFERROR(VLOOKUP($B49,Baza_preturi!$A:$K,9,FALSE),"") | G49: =IF(OR($E49="", $F49=""),"", $E49*$F49) | H49: =IF($B49="","",IFERROR(IF(VLOOKUP($B49,Baza_preturi!$A:$A,1,FALSE)=$B49,"OK","VERIFICĂ"),"COD NU EXISTĂ"))
A50: 3. Stație de pompare | C50: =IFERROR(VLOOKUP($B50,Baza_preturi!$A:$K,3,FALSE),"") | D50: =IFERROR(VLOOKUP($B50,Baza_preturi!$A:$K,6,FALSE),"") | F50: =IFERROR(VLOOKUP($B50,Baza_preturi!$A:$K,9,FALSE),"") | G50: =IF(OR($E50="", $F50=""),"", $E50*$F50) | H50: =IF($B50="","",IFERROR(IF(VLOOKUP($B50,Baza_preturi!$A:$A,1,FALSE)=$B50,"OK","VERIFICĂ"),"COD NU EXISTĂ"))
A51: 4. Automatizare | C51: =IFERROR(VLOOKUP($B51,Baza_preturi!$A:$K,3,FALSE),"") | D51: =IFERROR(VLOOKUP($B51,Baza_preturi!$A:$K,6,FALSE),"") | F51: =IFERROR(VLOOKUP($B51,Baza_preturi!$A:$K,9,FALSE),"") | G51: =IF(OR($E51="", $F51=""),"", $E51*$F51) | H51: =IF($B51="","",IFERROR(IF(VLOOKUP($B51,Baza_preturi!$A:$A,1,FALSE)=$B51,"OK","VERIFICĂ"),"COD NU EXISTĂ"))
... A95: 6. Lucrări și servicii | C95: =IFERROR(VLOOKUP($B95,Baza_preturi!$A:$K,3,FALSE),"") | D95: =IFERROR(VLOOKUP($B95,Baza_preturi!$A:$K,6,FALSE),"") | F95: =IFERROR(VLOOKUP($B95,Baza_preturi!$A:$K,9,FALSE),"") | G95: =IF(OR($E95="", $F95=""),"", $E95*$F95) | H95: =IF($B95="","",IFERROR(IF(VLOOKUP($B95,Baza_preturi!$A:$A,1,FALSE)=$B95,"OK","VERIFICĂ"),"COD NU EXISTĂ"))

Sheet Baza_preturi
A1: Cod | B1: Categorie | C1: Denumire standard | D1: Material | E1: DN | F1: UM | G1: Preț achiziție MDL | H1: Marjă % | I1: Preț vânzare MDL | J1: Furnizor | K1: Observații
A2: SPR-CBSO-57 | B2: Sistem sprinkler | C2: Sprinkler incendiu CBSO-PVo 0.08 R1/2 P57.B3 | D2: — | E2: — | F2: buc | G2: 124.89 | H2: =Setari!$B$3 -> 0.25 | I2: =IF(G2="","",G2*(1+H2)) -> 156.1125
A3: TEV-ZN-DN15-2.2 | B3: Țevi | C3: Țeavă zincată DN15*2.2mm | D3: zincată | E3: 15 | F3: m | H3: =Setari!$B$3 -> 0.25 | I3: =IF(G3="","",G3*(1+H3))
A4: TEV-ZN-DN15-2.8 | B4: Țevi | C4: Țeavă zincată DN15*2.8mm | D4: zincată | E4: 15 | F4: m | H4: =Setari!$B$3 -> 0.25 | I4: =IF(G4="","",G4*(1+H4))
A5: TEV-ZN-DN20-2.2 | B5: Țevi | C5: Țeavă zincată DN20*2.2mm | D5: zincată | E5: 20 | F5: m | H5: =Setari!$B$3 -> 0.25 | I5: =IF(G5="","",G5*(1+H5))
A6: TEV-ZN-DN20-2.5 | B6: Țevi | C6: Țeavă zincată DN20*2.5mm | D6: zincată | E6: 20 | F6: m | G6: 31 | H6: =Setari!$B$3 -> 0.25 | I6: =IF(G6="","",G6*(1+H6)) -> 38.75
A7: TEV-ZN-DN20-2.8 | B7: Țevi | C7: Țeavă zincată DN20*2.8mm | D7: zincată | E7: 20 | F7: m | H7: =Setari!$B$3 -> 0.25 | I7: =IF(G7="","",G7*(1+H7))
A8: TEV-ZN-DN25-2.5 | B8: Țevi | C8: Țeavă zincată DN25*2.5mm | D8: zincată | E8: 25 | F8: m | G8: 32 | H8: =Setari!$B$3 -> 0.25 | I8: =IF(G8="","",G8*(1+H8)) -> 40
A9: TEV-ZN-DN25-2.8 | B9: Țevi | C9: Țeavă zincată DN25*2.8mm | D9: zincată | E9: 25 | F9: m | H9: =Setari!$B$3 -> 0.25 | I9: =IF(G9="","",G9*(1+H9))
A10: TEV-ZN-DN25-3 | B10: Țevi | C10: Țeavă zincată DN25*3mm | D10: zincată | E10: 25 | F10: m | H10: =Setari!$B$3 -> 0.25 | I10: =IF(G10="","",G10*(1+H10))
A11: TEV-ZN-DN25-3.2 | B11: Țevi | C11: Țeavă zincată DN25*3.2mm | D11: zincată | E11: 25 | F11: m | H11: =Setari!$B$3 -> 0.25 | I11: =IF(G11="","",G11*(1+H11))
A12: TEV-ZN-DN32-2.8 | B12: Țevi | C12: Țeavă zincată DN32*2.8mm | D12: zincată | E12: 32 | F12: m | G12: 42 | H12: =Setari!$B$3 -> 0.25 | I12: =IF(G12="","",G12*(1+H12)) -> 52.5
A13: TEV-ZN-DN32-3 | B13: Țevi | C13: Țeavă zincată DN32*3mm | D13: zincată | E13: 32 | F13: m | H13: =Setari!$B$3 -> 0.25 | I13: =IF(G13="","",G13*(1+H13))
A14: TEV-ZN-DN32-3.2 | B14: Țevi | C14: Țeavă zincată DN32*3.2mm | D14: zincată | E14: 32 | F14: m | H14: =Setari!$B$3 -> 0.25 | I14: =IF(G14="","",G14*(1+H14))
A15: TEV-ZN-DN40-3 | B15: Țevi | C15: Țeavă zincată DN40*3mm | D15: zincată | E15: 40 | F15: m | H15: =Setari!$B$3 -> 0.25 | I15: =IF(G15="","",G15*(1+H15))
A16: TEV-ZN-DN40-3.2 | B16: Țevi | C16: Țeavă zincată DN40*3.2mm | D16: zincată | E16: 40 | F16: m | H16: =Setari!$B$3 -> 0.25 | I16: =IF(G16="","",G16*(1+H16))
A17: TEV-ZN-DN40-3.5 | B17: Țevi | C17: Țeavă zincată DN40*3.5mm | D17: zincată | E17: 40 | F17: m | H17: =Setari!$B$3 -> 0.25 | I17: =IF(G17="","",G17*(1+H17))
A18: TEV-ZN-DN40-4 | B18: Țevi | C18: Țeavă zincată DN40*4mm | D18: zincată | E18: 40 | F18: m | H18: =Setari!$B$3 -> 0.25 | I18: =IF(G18="","",G18*(1+H18))
A19: TEV-ZN-DN50-2.2 | B19: Țevi | C19: Țeavă zincată DN50*2.2mm | D19: zincată | E19: 50 | F19: m | H19: =Setari!$B$3 -> 0.25 | I19: =IF(G19="","",G19*(1+H19))
A20: TEV-ZN-DN50-3 | B20: Țevi | C20: Țeavă zincată DN50*3mm | D20: zincată | E20: 50 | F20: m | H20: =Setari!$B$3 -> 0.25 | I20: =IF(G20="","",G20*(1+H20))
A21: TEV-ZN-DN50-3.2 | B21: Țevi | C21: Țeavă zincată DN50*3.2mm | D21: zincată | E21: 50 | F21: m | H21: =Setari!$B$3 -> 0.25 | I21: =IF(G21="","",G21*(1+H21))
A22: TEV-ZN-DN50-3.5 | B22: Țevi | C22: Țeavă zincată DN50*3.5mm | D22: zincată | E22: 50 | F22: m | H22: =Setari!$B$3 -> 0.25 | I22: =IF(G22="","",G22*(1+H22))
A23: TEV-ZN-DN50-4 | B23: Țevi | C23: Țeavă zincată DN50*4mm | D23: zincată | E23: 50 | F23: m | H23: =Setari!$B$3 -> 0.25 | I23: =IF(G23="","",G23*(1+H23))
A24: TEV-ZN-D65-2.2 | B24: Țevi | C24: Țeavă zincată D65*2.2mm | D24: zincată | E24: 65 | F24: m | H24: =Setari!$B$3 -> 0.25 | I24: =IF(G24="","",G24*(1+H24))
... A28: TEV-ZN-D65-4 | B28: Țevi | C28: Țeavă zincată D65*4mm | D28: zincată | E28: 65 | F28: m | H28: =Setari!$B$3 -> 0.25 | I28: =IF(G28="","",G28*(1+H28))
A29: TEV-ZN-D80-3 | B29: Țevi | C29: Țeavă zincată D80*3mm | D29: zincată | E29: 80 | F29: m | G29: 96 | H29: =Setari!$B$3 -> 0.25 | I29: =IF(G29="","",G29*(1+H29)) -> 120
A30: TEV-ZN-D80-3.2 | B30: Țevi | C30: Țeavă zincată D80*3.2mm | D30: zincată | E30: 80 | F30: m | H30: =Setari!$B$3 -> 0.25 | I30: =IF(G30="","",G30*(1+H30))
A31: TEV-ZN-D80-3.5 | B31: Țevi | C31: Țeavă zincată D80*3.5mm | D31: zincată | E31: 80 | F31: m | H31: =Setari!$B$3 -> 0.25 | I31: =IF(G31="","",G31*(1+H31))
A32: TEV-ZN-D80-4 | B32: Țevi | C32: Țeavă zincată D80*4mm | D32: zincată | E32: 80 | F32: m | H32: =Setari!$B$3 -> 0.25 | I32: =IF(G32="","",G32*(1+H32))
A33: TEV-ZN-D100-3 | B33: Țevi | C33: Țeavă zincată D100*3mm | D33: zincată | E33: 100 | F33: m | G33: 133 | H33: =Setari!$B$3 -> 0.25 | I33: =IF(G33="","",G33*(1+H33)) -> 166.25
A34: TEV-ZN-D100-3.2 | B34: Țevi | C34: Țeavă zincată D100*3.2mm | D34: zincată | E34: 100 | F34: m | H34: =Setari!$B$3 -> 0.25 | I34: =IF(G34="","",G34*(1+H34))
A35: TEV-ZN-D100-3.5 | B35: Țevi | C35: Țeavă zincată D100*3.5mm | D35: zincată | E35: 100 | F35: m | H35: =Setari!$B$3 -> 0.25 | I35: =IF(G35="","",G35*(1+H35))
A36: TEV-ZN-D100-4 | B36: Țevi | C36: Țeavă zincată D100*4mm | D36: zincată | E36: 100 | F36: m | H36: =Setari!$B$3 -> 0.25 | I36: =IF(G36="","",G36*(1+H36))
A37: TEV-ZN-D100-5 | B37: Țevi | C37: Țeavă zincată D100*5mm | D37: zincată | E37: 100 | F37: m | H37: =Setari!$B$3 -> 0.25 | I37: =IF(G37="","",G37*(1+H37))
A38: TEV-ZN-D125-3.2 | B38: Țevi | C38: Țeavă zincată D125*3.2mm | D38: zincată | E38: 125 | F38: m | H38: =Setari!$B$3 -> 0.25 | I38: =IF(G38="","",G38*(1+H38))
A39: TEV-ZN-D125-4 | B39: Țevi | C39: Țeavă zincată D125*4mm | D39: zincată | E39: 125 | F39: m | H39: =Setari!$B$3 -> 0.25 | I39: =IF(G39="","",G39*(1+H39))
A40: TEV-ZN-D150-3.5 | B40: Țevi | C40: Țeavă zincată D150*3.5mm | D40: zincată | E40: 150 | F40: m | H40: =Setari!$B$3 -> 0.25 | I40: =IF(G40="","",G40*(1+H40))
A41: TEV-ZN-D150-4 | B41: Țevi | C41: Țeavă zincată D150*4mm | D41: zincată | E41: 150 | F41: m | H41: =Setari!$B$3 -> 0.25 | I41: =IF(G41="","",G41*(1+H41))
A42: TEV-ZN-D200-4 | B42: Țevi | C42: Țeavă zincată D200*4mm | D42: zincată | E42: 200 | F42: m | H42: =Setari!$B$3 -> 0.25
A43: TEV-ZN-D200-4.5 | B43: Țevi | C43: Țeavă zincată D200*4.5mm | D43: zincată | E43: 200 | F43: m | H43: =Setari!$B$3 -> 0.25
A44: TEV-ZN-D200-5 | B44: Țevi | C44: Țeavă zincată D200*5mm | D44: zincată | E44: 200 | F44: m | H44: =Setari!$B$3 -> 0.25
A45: TEV-ZN-D250-5 | B45: Țevi | C45: Țeavă zincată D250*5mm | D45: zincată | E45: 250 | F45: m | H45: =Setari!$B$3 -> 0.25
A46: TEV-ZN-D250-6 | B46: Țevi | C46: Țeavă zincată D250*6mm | D46: zincată | E46: 250 | F46: m | H46: =Setari!$B$3 -> 0.25
A47: TEV-NG-DN15-2.2 | B47: Țevi | C47: Țeavă oțel DN15*2.2mm | D47: negru | E47: 15 | F47: m | H47: =Setari!$B$3 -> 0.25 | I47: =IF(G47="","",G47*(1+H47))
A48: TEV-NG-DN15-2.8 | B48: Țevi | C48: Țeavă oțel DN15*2.8mm | D48: negru | E48: 15 | F48: m | H48: =Setari!$B$3 -> 0.25 | I48: =IF(G48="","",G48*(1+H48))
A49: TEV-NG-DN20-2.2 | B49: Țevi | C49: Țeavă oțel DN20*2.2mm | D49: negru | E49: 20 | F49: m | H49: =Setari!$B$3 -> 0.25 | I49: =IF(G49="","",G49*(1+H49))
A50: TEV-NG-DN20-2.5 | B50: Țevi | C50: Țeavă oțel DN20*2.5mm | D50: negru | E50: 20 | F50: m | H50: =Setari!$B$3 -> 0.25 | I50: =IF(G50="","",G50*(1+H50))
A51: TEV-NG-DN20-2.8 | B51: Țevi | C51: Țeavă oțel DN20*2.8mm | D51: negru | E51: 20 | F51: m | H51: =Setari!$B$3 -> 0.25 | I51: =IF(G51="","",G51*(1+H51))
A52: TEV-NG-DN25-2.2 | B52: Țevi | C52: Țeavă oțel DN25*2.2mm | D52: negru | E52: 25 | F52: m | H52: =Setari!$B$3 -> 0.25 | I52: =IF(G52="","",G52*(1+H52))
A53: TEV-NG-DN25-2.5 | B53: Țevi | C53: Țeavă oțel DN25*2.5mm | D53: negru | E53: 25 | F53: m | H53: =Setari!$B$3 -> 0.25 | I53: =IF(G53="","",G53*(1+H53))
A54: TEV-NG-DN25-2.8 | B54: Țevi | C54: Țeavă oțel DN25*2.8mm | D54: negru | E54: 25 | F54: m | H54: =Setari!$B$3 -> 0.25 | I54: =IF(G54="","",G54*(1+H54))
A55: TEV-NG-DN25-3 | B55: Țevi | C55: Țeavă oțel DN25*3mm | D55: negru | E55: 25 | F55: m | H55: =Setari!$B$3 -> 0.25 | I55: =IF(G55="","",G55*(1+H55))
A56: TEV-NG-DN32-2 | B56: Țevi | C56: Țeavă oțel DN32*2mm | D56: negru | E56: 32 | F56: m | H56: =Setari!$B$3 -> 0.25 | I56: =IF(G56="","",G56*(1+H56))
A57: TEV-NG-DN32-2.5 | B57: Țevi | C57: Țeavă oțel DN32*2.5mm | D57: negru | E57: 32 | F57: m | H57: =Setari!$B$3 -> 0.25 | I57: =IF(G57="","",G57*(1+H57))
A58: TEV-NG-DN32-2.8 | B58: Țevi | C58: Țeavă oțel DN32*2.8mm | D58: negru | E58: 32 | F58: m | H58: =Setari!$B$3 -> 0.25 | I58: =IF(G58="","",G58*(1+H58))
... A90: TEV-NG-D100-4 | B90: Țevi | C90: Țeavă oțel D100*4mm | D90: negru | E90: 100 | F90: m | H90: =Setari!$B$3 -> 0.25 | I90: =IF(G90="","",G90*(1+H90))
A91: TEV-NG-D125-3 | B91: Țevi | C91: Țeavă oțel D125*3mm | D91: negru | E91: 125 | F91: m | H91: 0.25
A92: TEV-NG-D125-3.2 | B92: Țevi | C92: Țeavă oțel D125*3.2mm | D92: negru | E92: 125 | F92: m | H92: 0.25
A93: TEV-NG-D125-4 | B93: Țevi | C93: Țeavă oțel D125*4mm | D93: negru | E93: 125 | F93: m | H93: 0.25
A94: TEV-NG-D150-3.5 | B94: Țevi | C94: Țeavă oțel D150*3.5mm | D94: negru | E94: 150 | F94: m | H94: 0.25
A95: TEV-NG-D150-4 | B95: Țevi | C95: Țeavă oțel D150*4mm | D95: negru | E95: 150 | F95: m | H95: 0.25
A96: TEV-NG-D200-4 | B96: Țevi | C96: Țeavă oțel D200*4mm | D96: negru | E96: 200 | F96: m | H96: 0.25
A97: TEV-NG-D200-5 | B97: Țevi | C97: Țeavă oțel D200*5mm | D97: negru | E97: 200 | F97: m | H97: 0.25
A98: TEV-NG-D250-5 | B98: Țevi | C98: Țeavă oțel D250*5mm | D98: negru | E98: 250 | F98: m | H98: 0.25
A99: TEV-NG-D250-6 | B99: Țevi | C99: Țeavă oțel D250*6mm | D99: negru | E99: 250 | F99: m | H99: 0.25
A100: TEV-NG-D300-5 | B100: Țevi | C100: Țeavă oțel D300*5mm | D100: negru | E100: 300 | F100: m | H100: 0.25
A101: COT-ZN-DN15 | B101: Fitinguri | C101: Cot zincat DN15 | D101: zincată | E101: 15 | F101: buc | H101: =Setari!$B$3 -> 0.25 | I101: =IF(G101="","",G101*(1+H101))
A102: COT-ZN-DN20 | B102: Fitinguri | C102: Cot zincat DN20 | D102: zincată | E102: 20 | F102: buc | G102: 14.08 | H102: =Setari!$B$3 -> 0.25 | I102: =IF(G102="","",G102*(1+H102)) -> 17.6
A103: COT-ZN-DN25 | B103: Fitinguri | C103: Cot zincat DN25 | D103: zincată | E103: 25 | F103: buc | G103: 18 | H103: =Setari!$B$3 -> 0.25 | I103: =IF(G103="","",G103*(1+H103)) -> 22.5
A104: COT-ZN-DN32 | B104: Fitinguri | C104: Cot zincat DN32 | D104: zincată | E104: 32 | F104: buc | G104: 27.5 | H104: =Setari!$B$3 -> 0.25 | I104: =IF(G104="","",G104*(1+H104)) -> 34.375
A105: COT-ZN-DN40 | B105: Fitinguri | C105: Cot zincat DN40 | D105: zincată | E105: 40 | F105: buc | G105: 32 | H105: =Setari!$B$3 -> 0.25 | I105: =IF(G105="","",G105*(1+H105)) -> 40
A106: COT-ZN-DN50 | B106: Fitinguri | C106: Cot zincat DN50 | D106: zincată | E106: 50 | F106: buc | G106: 48 | H106: =Setari!$B$3 -> 0.25 | I106: =IF(G106="","",G106*(1+H106)) -> 60
A107: COT-ZN-D65 | B107: Fitinguri | C107: Cot zincat D65 | D107: zincată | E107: 65 | F107: buc | G107: 84.8 | H107: =Setari!$B$3 -> 0.25 | I107: =IF(G107="","",G107*(1+H107)) -> 106
A108: COT-ZN-D80 | B108: Fitinguri | C108: Cot zincat D80 | D108: zincată | E108: 80 | F108: buc | G108: 142.24 | H108: =Setari!$B$3 -> 0.25 | I108: =IF(G108="","",G108*(1+H108)) -> 177.8
A109: COT-ZN-D100 | B109: Fitinguri | C109: Cot zincat D100 | D109: zincată | E109: 100 | F109: buc | G109: 190 | H109: =Setari!$B$3 -> 0.25 | I109: =IF(G109="","",G109*(1+H109)) -> 237.5
A110: COT-ZN-D125 | B110: Fitinguri | C110: Cot zincat D125 | D110: zincată | E110: 125 | F110: buc | H110: =Setari!$B$3 -> 0.25 | I110: =IF(G110="","",G110*(1+H110))
A111: COT-ZN-D150 | B111: Fitinguri | C111: Cot zincat D150 | D111: zincată | E111: 150 | F111: buc | G111: 533.92 | H111: =Setari!$B$3 -> 0.25 | I111: =IF(G111="","",G111*(1+H111)) -> 667.4
A112: COT-ZN-D200 | B112: Fitinguri | C112: Cot zincat D200 | D112: zincată | E112: 200 | F112: buc | G112: 1710 | H112: =Setari!$B$3 -> 0.25 | I112: =IF(G112="","",G112*(1+H112)) -> 2137.5
A113: COT-ZN-D250 | B113: Fitinguri | C113: Cot zincat D250 | D113: zincată | E113: 250 | F113: buc | H113: =Setari!$B$3 -> 0.25 | I113: =IF(G113="","",G113*(1+H113))
A114: COT-ZN-D300 | B114: Fitinguri | C114: Cot zincat D300 | D114: zincată | E114: 300 | F114: buc | H114: =Setari!$B$3 -> 0.25 | I114: =IF(G114="","",G114*(1+H114))
A115: COT-NG-DN15 | B115: Fitinguri | C115: Cot oțel DN15 | D115: negru | E115: 15 | F115: buc | H115: =Setari!$B$3 -> 0.25 | I115: =IF(G115="","",G115*(1+H115))
A116: COT-NG-DN20 | B116: Fitinguri | C116: Cot oțel DN20 | D116: negru | E116: 20 | F116: buc | H116: =Setari!$B$3 -> 0.25 | I116: =IF(G116="","",G116*(1+H116))
A117: COT-NG-DN25 | B117: Fitinguri | C117: Cot oțel DN25 | D117: negru | E117: 25 | F117: buc | H117: =Setari!$B$3 -> 0.25 | I117: =IF(G117="","",G117*(1+H117))
A118: COT-NG-DN32 | B118: Fitinguri | C118: Cot oțel DN32 | D118: negru | E118: 32 | F118: buc | H118: =Setari!$B$3 -> 0.25 | I118: =IF(G118="","",G118*(1+H118))
A119: COT-NG-DN40 | B119: Fitinguri | C119: Cot oțel DN40 | D119: negru | E119: 40 | F119: buc | H119: =Setari!$B$3 -> 0.25 | I119: =IF(G119="","",G119*(1+H119))
A120: COT-NG-DN50 | B120: Fitinguri | C120: Cot oțel DN50 | D120: negru | E120: 50 | F120: buc | H120: =Setari!$B$3 -> 0.25 | I120: =IF(G120="","",G120*(1+H120))
A121: COT-NG-D65 | B121: Fitinguri | C121: Cot oțel D65 | D121: negru | E121: 65 | F121: buc | H121: =Setari!$B$3 -> 0.25 | I121: =IF(G121="","",G121*(1+H121))
A122: COT-NG-D80 | B122: Fitinguri | C122: Cot oțel D80 | D122: negru | E122: 80 | F122: buc | H122: =Setari!$B$3 -> 0.25 | I122: =IF(G122="","",G122*(1+H122))
A123: COT-NG-D100 | B123: Fitinguri | C123: Cot oțel D100 | D123: negru | E123: 100 | F123: buc | H123: =Setari!$B$3 -> 0.25 | I123: =IF(G123="","",G123*(1+H123))
A124: COT-NG-D125 | B124: Fitinguri | C124: Cot oțel D125 | D124: negru | E124: 125 | F124: buc | H124: =Setari!$B$3 -> 0.25 | I124: =IF(G124="","",G124*(1+H124))
... A135: TEU-ZN-D65 | B135: Fitinguri | C135: Teu zincat D65 | D135: zincată | E135: 65 | F135: buc | H135: =Setari!$B$3 -> 0.25 | I135: =IF(G135="","",G135*(1+H135))
A136: TEU-ZN-D80 | B136: Fitinguri | C136: Teu zincat D80 | D136: zincată | E136: 80 | F136: buc | G136: 147 | H136: =Setari!$B$3 -> 0.25 | I136: =IF(G136="","",G136*(1+H136)) -> 183.75
A137: TEU-ZN-D100 | B137: Fitinguri | C137: Teu zincat D100 | D137: zincată | E137: 100 | F137: buc | G137: 224 | H137: =Setari!$B$3 -> 0.25 | I137: =IF(G137="","",G137*(1+H137)) -> 280
A138: TEU-ZN-D125 | B138: Fitinguri | C138: Teu zincat D125 | D138: zincată | E138: 125 | F138: buc | H138: =Setari!$B$3 -> 0.25 | I138: =IF(G138="","",G138*(1+H138))
A139: TEU-ZN-D150 | B139: Fitinguri | C139: Teu zincat D150 | D139: zincată | E139: 150 | F139: buc | H139: =Setari!$B$3 -> 0.25 | I139: =IF(G139="","",G139*(1+H139))
A140: TEU-ZN-D200 | B140: Fitinguri | C140: Teu zincat D200 | D140: zincată | E140: 200 | F140: buc | H140: =Setari!$B$3 -> 0.25 | I140: =IF(G140="","",G140*(1+H140))
A141: TEU-ZN-D250 | B141: Fitinguri | C141: Teu zincat D250 | D141: zincată | E141: 250 | F141: buc | H141: =Setari!$B$3 -> 0.25 | I141: =IF(G141="","",G141*(1+H141))
A142: TEU-ZN-D300 | B142: Fitinguri | C142: Teu zincat D300 | D142: zincată | E142: 300 | F142: buc | H142: =Setari!$B$3 -> 0.25 | I142: =IF(G142="","",G142*(1+H142))
A143: TEU-NG-DN15 | B143: Fitinguri | C143: Teu oțel DN15 | D143: negru | E143: 15 | F143: buc | H143: =Setari!$B$3 -> 0.25 | I143: =IF(G143="","",G143*(1+H143))
A144: TEU-NG-DN20 | B144: Fitinguri | C144: Teu oțel DN20 | D144: negru | E144: 20 | F144: buc | H144: =Setari!$B$3 -> 0.25 | I144: =IF(G144="","",G144*(1+H144))
...

Sheet Sinonime
A1: Text din PDF / Specificație | B1: Cod produs | C1: Comentariu
A2: Ороситель спринклерный CBSO-ПВо 0,08-R1/2/P57.B3 | B2: SPR-CBSO-57 | C2: RU
A3: Sprinkler CBSO-ПВо 0,08-R1/2/P57.B3 | B3: SPR-CBSO-57 | C3: RO/RU mix
A4: Mufă sudată pentru pulverizatoare cu apă fină | B4: MUF-BL-DN15
A5: Mufă sudată pentru pulverizatoare | B5: MUF-BL-DN15
A6: МП G1/2 l=50 mm | B6: MUF-BL-DN15
A7: МП G1/2 | B7: MUF-BL-DN15
A8: Sprinkler cu temp. de acționare 57°C, apă | B8: SPR-CBSO-57 | C8: RO
A9: Sprinkler de incendiu CBSO | B9: SPR-CBSO-57 | C9: RO scurt
A10: Муфта приварная G 1/2 | B10: MUF-BL-DN15 | C10: RU
A11: МП G1/2, l=50 mm Mufă sudată pentru pulverizatoare cu apă fină | B11: MUF-BL-DN15
A12: 02 МП G1/2, l=50 mm Mufă sudată pentru | B12: MUF-BL-DN15 | C12: RO/PDF line
A13: Труба оцинкованная DN80 | B13: TEV-ZN-DN80 | C13: zincată
A14: Țeavă zincată DN80 | B14: TEV-ZN-DN80 | C14: zincată
A15: Teava zincata DN80 | B15: TEV-ZN-DN80 | C15: fără diacritice
A16: Труба стальная электросварная Ø89x3.5 | B16: TEV-BL-DN80 | C16: negru
A17: Teava DU80 | B17: TEV-BL-DN80 | C17: negru
A18: Țeavă oțel negru DN80 | B18: TEV-BL-DN80 | C18: negru
A19: Отвод DN50 | B19: COT-ZN-DN50 | C19: verifică materialul dacă nu este clar
A20: Cot zincat DN50 | B20: COT-ZN-DN50 | C20: zincată
A21: Cot negru DN50 | B21: COT-BL-DN50 | C21: negru
A22: Тройник DN80 | B22: TEU-ZN-DN80 | C22: verifică materialul dacă nu este clar
A23: Teu zincat DN80 | B23: TEU-ZN-DN80 | C23: zincată
... A69: Tijă filetată M8 | B69: TIJA-M8 | C69: RO
A70: Rețeaua de sprinklere | C70: titlu / ignoră

Sheet Setari
A1: Parametru | B1: Valoare
A2: TVA | B2: 0.2
A3: Marjă implicită | B3: 0.25
A4: Valută | B4: MDL
A5: Regulă principală | B5: 1 produs unic = 1 cod intern; toate denumirile alternative merg în Sinonime
